PopName,PoolName
AT_Kar_See_1_2014-08-17,Pool1
AT_Kar_See_1_2016-08-01,Pool2
AT_Nie_Mau_1_2014-07-20,Pool3
AT_Nie_Mau_1_2014-10-19,Pool4
AT_Nie_Mau_1_2015-07-20,Pool5
AT_Nie_Mau_1_2015-10-19,Pool6
AT_Wie_Gro_1_2012-08-03,Pool7
AT_Wie_Gro_1_2012-10-20,Pool8
BY_Bre_Bre_1_2015-09-11,Pool9
CH_Fri_Ors_1_2020-08-23,Pool10
CH_Vau_Cha_1_2014-07-24,Pool11
CH_Vau_Cha_1_2014-10-05,Pool12
CH_Vau_Cha_1_2015-08-01,Pool13
CH_Vau_Cha_1_2016-08-15,Pool14
CH_Vau_Vul_1_2018-09-18,Pool15
CH_Vau_Vul_1_2019-07-17,Pool16
CH_Vau_Vul_1_2019-09-24,Pool17
CH_Vau_Vul_1_2020-07-29,Pool18
CH_Vau_Vul_1_2020-09-15,Pool19
DE_Bad_Bro_1_2014-06-26,Pool20
DE_Bad_Bro_1_2014-10-15,Pool21
DE_Bad_Bro_1_2015-06-30,Pool22
DE_Bad_Bro_1_2015-10-25,Pool23
DE_Bad_Bro_1_2016-07-24,Pool24
DE_Bad_Bro_1_2016-10-23,Pool25
DE_Bad_Bro_1_2017-06-27,Pool26
DE_Bad_Bro_1_2018-06-26,Pool27
DE_Bad_Bro_1_2019-07-03,Pool28
DE_Bad_Bro_1_2020-07-16,Pool29
DE_Bad_Bro_1_2020-10-24,Pool30
DE_Bad_Bro_1_2021-07-21,Pool31
DE_Bad_Bro_1_2021-10-20,Pool32
DE_Bad_Wal_1_2019-10-02,Pool33
DE_Bad_Wal_1_2020-10-02,Pool34
DE_Bay_Mun_1_2014-06-19,Pool35
DE_Bay_Mun_1_2014-09-03,Pool36
DE_Bay_Mun_1_2015-06-01,Pool37
DE_Bay_Mun_1_2015-09-01,Pool38
DE_Bay_Mun_1_2016-06-25,Pool39
DE_Bay_Mun_1_2016-09-01,Pool40
DE_Bay_Mun_1_2017-06-20,Pool41
DE_Bay_Mun_1_2017-09-03,Pool42
DE_Bay_Mun_1_2018-06-25,Pool43
DE_Bay_Mun_1_2018-09-09,Pool44
DE_Bay_Mun_1_2019-06-22,Pool45
DE_Bay_Mun_1_2019-09-02,Pool46
DE_Bay_Mun_1_2020-06-25,Pool47
DE_Bay_Mun_1_2020-09-05,Pool48
DE_Bay_Mun_1_2021-06-25,Pool49
DE_Bay_Mun_1_2021-09-04,Pool50
DE_Bay_Wue_1_2020-07-18,Pool51
DE_Bay_Wue_1_2020-09-23,Pool52
DE_Bay_Wue_1_2021-07-27,Pool53
DE_Bay_Wue_1_2021-10-18,Pool54
DE_Bra_Ber_1_2021-07-24,Pool55
DE_Bra_Ber_2_2021-07-24,Pool56
DK_Mid_Kar_1_2014-09-01,Pool57
DK_Mid_Kar_1_2014-11-25,Pool58
DK_Mid_Kar_1_2016-06-08,Pool59
DK_Mid_Kar_1_2016-09-15,Pool60
DK_Mid_Kar_1_2016-11-22,Pool61
DK_Mid_Kar_1_2017-08-08,Pool62
DK_Mid_Kar_1_2018-06-30,Pool63
DK_Mid_Kar_1_2018-10-05,Pool64
DK_Mid_Kar_1_2019-07-09,Pool65
DK_Mid_Kar_1_2019-10-01,Pool66
DK_Mid_Kar_1_2020-07-31,Pool67
DK_Mid_Kar_1_2020-10-31,Pool68
ES_Bar_Bar_1_2012-07-13,Pool69
ES_Bar_Bar_1_2012-10-16,Pool70
ES_Ciu_Man_1_2020-08-10,Pool71
ES_Ciu_Tom_1_2015-09-17,Pool72
ES_Ciu_Tom_1_2015-10-08,Pool73
ES_Ciu_Tom_1_2016-09-02,Pool74
ES_Ciu_Tom_1_2016-10-11,Pool75
ES_Ciu_Tom_1_2017-10-04,Pool76
ES_Ciu_Tom_1_2018-10-03,Pool77
ES_Ciu_Tom_1_2020-09-30,Pool78
ES_Ciu_Tom_1_2021-10-07,Pool79
ES_Gra_Ben_1_2016-10-08,Pool80
ES_Gra_Ben_1_2017-10-05,Pool81
ES_Gra_Cor_1_2015-08-08,Pool82
ES_Gra_Cor_1_2017-07-28,Pool83
ES_Gra_Gua_1_2015-09-12,Pool84
ES_Gra_Pur_1_2016-08-30,Pool85
ES_Ler_Gim_1_2014-08-13,Pool86
ES_Ler_Gim_1_2014-10-20,Pool87
ES_Ler_Gim_1_2015-06-28,Pool88
ES_Ler_Gim_1_2015-10-22,Pool89
ES_Ler_Gim_1_2016-08-25,Pool90
ES_Ler_Gim_1_2016-10-21,Pool91
ES_Ler_Gim_1_2017-07-24,Pool92
ES_Ler_Gim_1_2017-10-14,Pool93
ES_Ler_Gim_1_2018-08-25,Pool94
ES_Ler_Gim_1_2018-10-26,Pool95
ES_Ler_Gim_1_2019-08-25,Pool96
ES_Ler_Gim_1_2020-10-26,Pool97
ES_Ler_Gim_1_2021-08-31,Pool98
ES_Zar_Pin_1_2018-10-10,Pool99
ES_Mad_Yep_1_2018-11-06,Pool100
ES_Tol_Vil_1_2018-10-07,Pool101
ES_Zar_Ose_1_2018-09-20,Pool102
FI_Cen_Jyv_1_2019-09-19,Pool103
FI_Nor_Ves_1_2014-07-26,Pool104
FI_Nor_Ves_1_2016-07-29,Pool105
FI_Pir_Aka_1_2014-07-25,Pool106
FI_Pir_Aka_1_2014-08-27,Pool107
FI_Pir_Aka_1_2015-07-21,Pool108
FI_Pir_Aka_1_2015-10-01,Pool109
FI_Pir_Aka_1_2016-07-24,Pool110
FI_Pir_Aka_1_2016-09-17,Pool111
FI_Pir_Aka_1_2017-07-20,Pool112
FI_Pir_Aka_1_2017-09-25,Pool113
FI_Pir_Aka_1_2018-07-17,Pool114
FI_Pir_Aka_1_2018-09-20,Pool115
FI_Pir_Aka_1_2019-07-19,Pool116
FI_Pir_Aka_1_2019-08-25,Pool117
FI_Pir_Aka_1_2020-06-28,Pool118
FI_Pir_Aka_1_2020-10-04,Pool119
FI_Pir_Aka_1_2021-07-07,Pool120
FI_Pir_Aka_1_2021-09-17,Pool121
FR_Ain_Civ_1_2019-06-15,Pool122
FR_Ain_Ver_1_2017-09-21,Pool123
FR_Cot_Mar_1_2020-08-02,Pool124
FR_Cot_Vie_1_2019-10-19,Pool125
FR_Cot_Vie_1_2020-08-03,Pool126
FR_Cot_Vie_1_2021-08-11,Pool127
FR_Dro_Got_1_2014-07-08,Pool128
FR_Dro_Got_1_2015-05-21,Pool129
FR_Dro_Got_1_2015-09-09,Pool130
FR_Dro_Got_1_2015-10-13,Pool131
FR_Dro_Got_1_2016-06-13,Pool132
FR_Ess_Vil_1_2014-08-18,Pool133
FR_Ess_Vil_1_2014-10-27,Pool134
FR_Ess_Vil_1_2015-08-10,Pool135
FR_Ess_Vil_1_2015-10-14,Pool136
FR_Ess_Vil_1_2016-08-12,Pool137
FR_Ess_Vil_1_2017-08-24,Pool138
FR_Ess_Vil_1_2017-10-17,Pool139
FR_Eur_Sai_1_2018-09-15,Pool140
FR_Ain_Rey_1_2018-06-16,Pool141
FR_Ain_Rey_1_2018-09-15,Pool142
FR_Her_Sai_1_2020-11-12,Pool143
FR_Her_Sai_1_2021-06-10,Pool144
FR_Ill_Sai_1_2017-07-22,Pool145
FR_Ill_Sai_1_2017-09-16,Pool146
FR_Rho_Lyo_1_2010-07-16,Pool147
GB_Eas_Sus_1_2021-07-09,Pool148
GB_Eas_Sus_1_2021-09-01,Pool149
GB_Edi_Edi_1_2021-08-29,Pool150
GB_Edi_Edi_1_2021-10-04,Pool151
GB_Edi_Sou_1_2014-07-14,Pool152
GB_Fif_Dai_1_2015-08-19,Pool153
GB_Fif_Dai_1_2016-08-06,Pool154
GB_Fif_Dai_1_2020-MM-DD,Pool155
GB_Ken_Ken_1_2019-09-16,Pool156
GB_Lei_Lut_1_2014-10-20,Pool157
GB_Lei_Mar_1_2014-10-20,Pool158
GB_Nor_Mar_1_2015-07-07,Pool159
GB_Nor_Mar_1_2016-10-23,Pool160
GB_Nor_Mar_1_2017-10-10,Pool161
GB_Nor_Mar_2_2017-10-10,Pool162
GB_Nor_Mar_3_2017-10-10,Pool163
GB_Per_Dru_1_2020-09-07,Pool164
GB_Per_Mut_1_2021-08-05,Pool165
GB_She_She_1_2014-08-25,Pool166
GB_She_She_1_2015-10-04,Pool167
GR_Kri_Her_1_2020-07-13,Pool168
GR_Kri_Ira_1_2017-11-06,Pool169
GR_Kri_Ira_1_2018-10-11,Pool170
GR_Kri_Ira_1_2019-MM-DD,Pool171
GR_Kri_Ira_1_2021-10-20,Pool172
ME_Her_Her_1_2019-09-19,Pool173
ME_Her_Kam_1_2017-09-20,Pool174
HU_Pes_Pil_1_2018-07-04,Pool175
HU_Pes_Pil_1_2018-10-30,Pool176
HU_Pes_Pil_1_2020-08-17,Pool177
HU_Sze_Sze_1_2016-08-28,Pool178
IT_Tre_Mez_1_2015-09-29,Pool179
IT_Tre_Mez_1_2015-10-10,Pool180
IT_Tre_San_1_2019-10-01,Pool181
IT_Tre_San_1_2021-06-28,Pool182
IT_Tre_San_1_2021-10-01,Pool183
IT_Tre_Mez_1_2016-08-24,Pool184
NL_Gro_Gro_1_2017-10-11,Pool185
NL_Gro_Gro_1_2019-10-09,Pool186
NL_Gro_Gro_1_2020-10-15,Pool187
NL_Utr_Hou_1_1998-07-01,Pool188
PL_Lub_Lub_1_2019-09-10,Pool189
PL_Pom_Gda_1_2016-08-01,Pool190
PL_War_Brz_1_2015-09-28,Pool191
PL_War_Brz_1_2016-08-08,Pool192
PL_War_Brz_1_2017-08-20,Pool193
PT_Por_Rec_1_2014-09-26,Pool194
PT_Por_Rec_1_2015-09-01,Pool195
PT_Por_Rec_1_2016-10-01,Pool196
PT_Por_Rec_1_2018-10-18,Pool197
RS_Sre_Sla_1_2021-09-14,Pool198
RS_Sre_Sla_1_2021-MM-DD,Pool199
RS_Mac_Zaj_1_2020-09-13,Pool200
RS_Sre_Sta_1_2019-09-19,Pool201
RS_Sre_Sla_1_2016-06-18,Pool202
RS_Sre_Sla_1_2016-09-09,Pool203
RS_Sre_Sla_1_2017-06-28,Pool204
RS_Sre_Sla_1_2017-09-28,Pool205
RS_Sre_Sla_1_2019-06-14,Pool206
RS_Sre_Sta_1_2019-07-21,Pool207
RS_Sre_Sta_1_2020-07-02,Pool208
RS_Sre_Sta_1_2020-09-14,Pool209
RS_Sre_Sta_1_2021-06-22,Pool210
RS_Zaj_Kal_1_2016-06-30,Pool211
RS_Zaj_Kal_1_2016-09-13,Pool212
RU_Cri_Yal_1_2014-06-20,Pool213
RU_Cri_Yal_1_2014-08-27,Pool214
RU_Cri_Yal_1_2015-06-24,Pool215
RU_Cri_Yal_1_2015-08-24,Pool216
RU_Cri_Yal_1_2016-08-20,Pool217
RU_Nov_Val_1_2014-08-17,Pool218
RU_Nov_Val_1_2015-08-23,Pool219
RU_Nov_Val_1_2015-10-05,Pool220
RU_Nov_Val_1_2016-08-23,Pool221
RU_Nov_Val_1_2016-09-29,Pool222
RU_Nov_Val_1_2016-10-24,Pool223
RU_Nov_Val_1_2017-08-25,Pool224
RU_Nov_Val_1_2017-10-01,Pool225
RU_Nov_Val_1_2018-08-28,Pool226
RU_Tul_Tul_1_2015-09-20,Pool227
RU_Vla_Ale_1_2015-09-15,Pool228
RU_Vla_Ale_1_2016-10-15,Pool229
RU_Vla_Ale_1_2017-08-15,Pool230
RU_Vla_Ale_1_2018-09-09,Pool231
RU_Vla_Ale_1_2018-10-13,Pool232
SE_Ska_Lun_1_2014-07-31,Pool233
SE_Ska_Lun_1_2015-08-08,Pool234
SE_Ska_Lun_1_2015-08-24,Pool235
TR_Ank_Yes_1_2021-10-16,Pool236
TR_Ank_Yes_1_2021-09-20,Pool237
UA_Che_Dmy_1_2021-07-17,Pool238
UA_Che_Kan_1_2016-07-08,Pool239
UA_Pol_Pyr_1_2016-08-23,Pool240
UA_Che_Uma_1_2014-10-01,Pool241
UA_Che_Uma_1_2015-09-26,Pool242
UA_Che_Uma_1_2016-09-11,Pool243
UA_Che_Uma_1_2016-09-17,Pool244
UA_Che_Uma_1_2017-09-16,Pool245
UA_Che_Uma_1_2017-10-07,Pool246
UA_Che_Uma_1_2018-09-21,Pool247
UA_Che_Uma_1_2019-08-13,Pool248
UA_Che_Uma_1_2019-10-14,Pool249
UA_Che_Uma_1_2019-10-20,Pool250
UA_Che_Uma_1_2020-08-19,Pool251
UA_Che_Uma_1_2020-09-27,Pool252
UA_Che_Uma_1_2021-09-19,Pool253
UA_Che_Var_1_2014-08-18,Pool254
UA_Che_Var_1_2015-08-25,Pool255
UA_Che_Var_1_2016-08-26,Pool256
UA_Che_Var_1_2018-09-03,Pool257
UA_Che_Var_1_2019-09-14,Pool258
UA_Che_Var_1_2020-10-11,Pool259
UA_Che_Var_1_2021-09-26,Pool260
UA_Don_Mar_1_2021-08-23,Pool261
UA_Don_Mar_2_2021-08-23,Pool262
UA_Don_Roz_1_2021-08-12,Pool263
UA_Kha_Kha_1_2014-07-26,Pool264
UA_Kha_Kha_1_2014-09-14,Pool265
UA_Kha_Kha_1_2015-08-20,Pool266
UA_Kha_Kha_1_2016-08-18,Pool267
UA_Kha_Kha_1_2018-09-24,Pool268
UA_Kha_Kha_1_2021-08-18,Pool269
UA_Kie_Cho_1_2014-09-13,Pool270
UA_Kie_Cho_1_2015-06-15,Pool271
UA_Kie_Cho_1_2015-07-07,Pool272
UA_Kie_Cho_1_2015-08-20,Pool273
UA_Kie_Cho_1_2015-08-26,Pool274
UA_Kie_Cho_1_2016-09-04,Pool275
UA_Kie_Cho_1_2016-09-05,Pool276
UA_Kie_Cho_1_2019-09-06,Pool277
UA_Kie_Cho_2_2014-09-13,Pool278
UA_Kie_Cho_2_2015-08-26,Pool279
UA_Kie_Cho_2_2016-09-04,Pool280
UA_Kie_Cho_3_2014-09-13,Pool281
UA_Kie_Cho_3_2015-08-26,Pool282
UA_Kie_Cho_4_2014-09-13,Pool283
UA_Kie_Cho_4_2015-08-26,Pool284
UA_Kie_Cho_5_2015-08-26,Pool285
UA_Kie_Cho_6_2015-08-26,Pool286
UA_Kie_Hle_1_2021-08-29,Pool287
UA_Kie_Kho_1_2021-08-09,Pool288
UA_Kie_Kop_1_2019-09-06,Pool289
UA_Kie_Kyi_1_2014-08-09,Pool290
UA_Kie_Kyi_1_2014-09-08,Pool291
UA_Kie_Kyi_1_2014-10-11,Pool292
UA_Kie_Kyi_1_2015-08-10,Pool293
UA_Kie_Kyi_1_2016-08-06,Pool294
UA_Kie_Kyi_1_2016-09-04,Pool295
UA_Kie_Kyi_1_2016-10-03,Pool296
UA_Kie_Kyi_1_2020-09-29,Pool297
UA_Kie_Pri_1_2016-09-03,Pool298
UA_Kie_Vys_1_2017-08-11,Pool299
UA_Kie_Vys_1_2017-09-03,Pool300
UA_Kie_Vys_1_2017-09-26,Pool301
UA_Kie_Vys_1_2017-10-19,Pool302
UA_Kie_Vys_1_2018-07-25,Pool303
UA_Kie_Vys_1_2018-08-29,Pool304
UA_Kie_Vys_1_2018-09-27,Pool305
UA_Kie_Vys_1_2019-08-12,Pool306
UA_Kie_Vys_1_2019-09-02,Pool307
UA_Kie_Vys_1_2020-08-18,Pool308
UA_Kie_Vys_1_2020-09-21,Pool309
UA_Kie_Vys_1_2020-10-15,Pool310
UA_Kie_Vys_1_2021-08-01,Pool311
UA_Kie_Vys_1_2021-09-19,Pool312
UA_Lvi_Dro_1_2014-08-24,Pool313
UA_Lvi_Dro_1_2015-09-18,Pool314
UA_Lvi_Dro_1_2016-09-12,Pool315
UA_Myk_Ryb_1_2021-07-22,Pool316
UA_Ode_Ode_1_2013-05-16,Pool317
UA_Ode_Ode_1_2013-10-15,Pool318
UA_Ode_Ode_1_2014-07-03,Pool319
UA_Ode_Ode_1_2014-07-22,Pool320
UA_Ode_Ode_1_2014-08-29,Pool321
UA_Ode_Ode_1_2014-10-10,Pool322
UA_Ode_Ode_1_2015-06-30,Pool323
UA_Ode_Ode_1_2015-07-26,Pool324
UA_Ode_Ode_1_2015-08-27,Pool325
UA_Ode_Ode_1_2015-09-26,Pool326
UA_Ode_Ode_1_2016-08-20,Pool327
UA_Ode_Ode_1_2016-09-15,Pool328
UA_Ode_Ode_1_2017-08-12,Pool329
UA_Ode_Ode_1_2017-09-23,Pool330
UA_Ode_Ode_1_2018-06-30,Pool331
UA_Ode_Ode_1_2018-08-15,Pool332
UA_Ode_Ode_1_2018-09-15,Pool333
UA_Ode_Ode_1_2019-06-15,Pool334
UA_Ode_Ode_1_2019-09-06,Pool335
UA_Ode_Ode_1_2020-08-28,Pool336
UA_Ode_Ode_1_2020-09-26,Pool337
UA_Ode_Ode_1_2020-09-28,Pool338
UA_Ode_Ode_1_2020-10-30,Pool339
UA_Ode_Ode_1_2021-11-11,Pool340
UA_Pol_Pyr_1_2014-08-20,Pool341
UA_Pol_Pyr_1_2015-08-26,Pool342
UA_Pol_Pyr_1_2017-08-22,Pool343
UA_Pol_Pyr_1_2017-09-03,Pool344
UA_Pol_Pyr_1_2019-08-25,Pool345
UA_Pol_Pyr_1_2019-09-06,Pool346
UA_Pol_Pyr_1_2021-07-29,Pool347
UA_Vol_Lut_1_2019-08-28,Pool348
UA_Zap_Zap_1_2019-06-17,Pool349
